{
  "risk_mean": 0.05881420895457268,
  "risk_p95": 0.24334780871868134,
  "p_gate_mean": 0.21033641695976257
}