{
  "run_name": "run_flow_concat_p1",
  "split": "val",
  "tau": 1.0,
  "amax": 6.0,
  "N": 23553,
  "pos_rate": 0.06572411157814291,
  "risk_pr_auc": 0.27624652168929126,
  "risk_roc_auc": 0.8708606571092914,
  "risk_brier": 0.05293384604913262,
  "risk_ece": 0.009288777547566225,
  "p_gate_mean": 0.22196407616138458,
  "p_event_mean": 0.23079684376716614,
  "gate_thr_for_target_recall": 0.2,
  "p_event_calib_ece": 0.16507274911281475,
  "p_event_calib_brier": 0.13999312742392567,
  "pit_ks_u_uniform": 0.8337366789793232,
  "pit_ks_n": 23553
}