{
  "run_name": "run_flow_concat_p1",
  "split": "val",
  "tau": 0.5,
  "amax": 6.0,
  "N": 23553,
  "pos_rate": 0.05532203965524562,
  "risk_pr_auc": 0.25834437645548336,
  "risk_roc_auc": 0.8831625893573171,
  "risk_brier": 0.04527094460352483,
  "risk_ece": 0.008690243956606012,
  "p_gate_mean": 0.22196407616138458,
  "p_event_mean": 0.19993430376052856,
  "gate_thr_for_target_recall": 0.2,
  "p_event_calib_ece": 0.1446122714682394,
  "p_event_calib_brier": 0.12202984756168328,
  "pit_ks_u_uniform": 0.8337366789793232,
  "pit_ks_n": 23553
}