{
  "run_name": "run_flow_concat_p1",
  "split": "val",
  "tau": 0.7,
  "amax": 6.0,
  "N": 23553,
  "pos_rate": 0.05952532586082453,
  "risk_pr_auc": 0.2655319768331115,
  "risk_roc_auc": 0.8767333612358709,
  "risk_brier": 0.04844606183844798,
  "risk_ece": 0.010400985929172947,
  "p_gate_mean": 0.22196407616138458,
  "p_event_mean": 0.2116921991109848,
  "gate_thr_for_target_recall": 0.2,
  "p_event_calib_ece": 0.1521668779957812,
  "p_event_calib_brier": 0.12917264393148184,
  "pit_ks_u_uniform": 0.8337366789793232,
  "pit_ks_n": 23553
}