{
  "run_name": "run_flow_concat_p1",
  "split": "val",
  "tau": 0.3,
  "amax": 6.0,
  "N": 23553,
  "pos_rate": 0.051670700123126564,
  "risk_pr_auc": 0.2525882665097173,
  "risk_roc_auc": 0.887663543920519,
  "risk_brier": 0.042540629895287486,
  "risk_ece": 0.00741136042681294,
  "p_gate_mean": 0.22196407616138458,
  "p_event_mean": 0.18872995674610138,
  "gate_thr_for_target_recall": 0.2,
  "p_event_calib_ece": 0.13705926310083283,
  "p_event_calib_brier": 0.11546220318895903,
  "pit_ks_u_uniform": 0.8337366789793232,
  "pit_ks_n": 23553
}