run_name,split,tau,amax,N,pos_rate,risk_pr_auc,risk_roc_auc,risk_brier,risk_ece,p_gate_mean,p_event_mean,gate_thr_for_target_recall,p_event_calib_ece,p_event_calib_brier,pit_ks_u_uniform,pit_ks_n
run_flow_concat_p1,val,0.1,6.0,23553,0.047297584171867704,0.25126618003257783,0.89697842697094,0.03893698343055435,0.00651268753384941,0.22196407616138458,0.17788343131542206,0.2,0.1305858383045902,0.10815417050298977,0.8337366789793232,23553
run_flow_concat_p1,val,0.2,6.0,23553,0.04976011548422706,0.2513885689155728,0.8914415841813589,0.04099466789088445,0.007529864848164291,0.22196407616138458,0.18326830863952637,0.2,0.133508199480685,0.11198868240684973,0.8337366789793232,23553
run_flow_concat_p1,val,0.3,6.0,23553,0.051670700123126564,0.2525882665097173,0.887663543920519,0.042540629895287486,0.00741136042681294,0.22196407616138458,0.18872995674610138,0.2,0.13705926310083283,0.11546220318895903,0.8337366789793232,23553
run_flow_concat_p1,val,0.5,6.0,23553,0.05532203965524562,0.25834437645548336,0.8831625893573171,0.04527094460352483,0.008690243956606012,0.22196407616138458,0.19993430376052856,0.2,0.1446122714682394,0.12202984756168328,0.8337366789793232,23553
run_flow_concat_p1,val,0.7,6.0,23553,0.05952532586082453,0.2655319768331115,0.8767333612358709,0.04844606183844798,0.010400985929172947,0.22196407616138458,0.2116921991109848,0.2,0.1521668779957812,0.12917264393148184,0.8337366789793232,23553
run_flow_concat_p1,val,1.0,6.0,23553,0.06572411157814291,0.27624652168929126,0.8708606571092914,0.05293384604913262,0.009288777547566225,0.22196407616138458,0.23079684376716614,0.2,0.16507274911281475,0.13999312742392567,0.8337366789793232,23553
