run,split,N,pos_rate,risk_pr_auc,risk_roc_auc,risk_brier,risk_ece,expert_nll,risk_mean,risk_p95,p_gate_mean,p_event_mean
/workspace/out/waymo_wod_parquet/runs/run_flow_film_p1,val,23553,0.05532203965524562,0.09980843628388811,0.6971592780704856,0.061412479358502435,0.07137088689890386,2.269322395324707,0.12344926595687866,0.32161113619804366,0.21746282279491425,0.4982684552669525
