{
  "run_name": "run_flow_film_p1",
  "split": "val",
  "tau": 0.3,
  "amax": 6.0,
  "N": 23553,
  "pos_rate": 0.051670700123126564,
  "risk_pr_auc": 0.22339688321174767,
  "risk_roc_auc": 0.8825947713033319,
  "risk_brier": 0.04356834016255189,
  "risk_ece": 0.011388672031921307,
  "p_gate_mean": 0.21746282279491425,
  "p_event_mean": 0.18744029104709625,
  "gate_thr_for_target_recall": 0.2,
  "p_event_calib_ece": 0.1357696047862948,
  "p_event_calib_brier": 0.10937523899368842,
  "pit_ks_u_uniform": 0.8349254871990829,
  "pit_ks_n": 23553
}