{
  "run_name": "run_flow_film_p1",
  "split": "val",
  "tau": 0.5,
  "amax": 6.0,
  "N": 23553,
  "pos_rate": 0.05532203965524562,
  "risk_pr_auc": 0.22909104161553107,
  "risk_roc_auc": 0.8776000068985479,
  "risk_brier": 0.04635899191777188,
  "risk_ece": 0.011852383037642389,
  "p_gate_mean": 0.21746282279491425,
  "p_event_mean": 0.19989050924777985,
  "gate_thr_for_target_recall": 0.2,
  "p_event_calib_ece": 0.14456845878345093,
  "p_event_calib_brier": 0.11567773955689184,
  "pit_ks_u_uniform": 0.8349254871990829,
  "pit_ks_n": 23553
}