{
  "run_name": "run_flow_film_p1",
  "split": "val",
  "tau": 0.1,
  "amax": 6.0,
  "N": 23553,
  "pos_rate": 0.047297584171867704,
  "risk_pr_auc": 0.22133370729749768,
  "risk_roc_auc": 0.8925522639754883,
  "risk_brier": 0.039924516252748204,
  "risk_ece": 0.009704957394322266,
  "p_gate_mean": 0.21746282279491425,
  "p_event_mean": 0.17537155747413635,
  "gate_thr_for_target_recall": 0.2,
  "p_event_calib_ece": 0.12807398011227583,
  "p_event_calib_brier": 0.10234750624808722,
  "pit_ks_u_uniform": 0.8349254871990829,
  "pit_ks_n": 23553
}