{
  "run_name": "run_flow_film_p1",
  "split": "val",
  "tau": 0.2,
  "amax": 6.0,
  "N": 23553,
  "pos_rate": 0.04976011548422706,
  "risk_pr_auc": 0.22187858720567497,
  "risk_roc_auc": 0.88671133319005,
  "risk_brier": 0.04201032708138564,
  "risk_ece": 0.01100989581341984,
  "p_gate_mean": 0.21746282279491425,
  "p_event_mean": 0.18136021494865417,
  "gate_thr_for_target_recall": 0.2,
  "p_event_calib_ece": 0.1316001107271313,
  "p_event_calib_brier": 0.10605516164495062,
  "pit_ks_u_uniform": 0.8349254871990829,
  "pit_ks_n": 23553
}