run_name,split,tau,amax,N,pos_rate,risk_pr_auc,risk_roc_auc,risk_brier,risk_ece,p_gate_mean,p_event_mean,gate_thr_for_target_recall,p_event_calib_ece,p_event_calib_brier,pit_ks_u_uniform,pit_ks_n
run_flow_film_p1,val,0.1,6.0,23553,0.047297584171867704,0.22133370729749768,0.8925522639754883,0.039924516252748204,0.009704957394322266,0.21746282279491425,0.17537155747413635,0.2,0.12807398011227583,0.10234750624808722,0.8349254871990829,23553
run_flow_film_p1,val,0.2,6.0,23553,0.04976011548422706,0.22187858720567497,0.88671133319005,0.04201032708138564,0.01100989581341984,0.21746282279491425,0.18136021494865417,0.2,0.1316001107271313,0.10605516164495062,0.8349254871990829,23553
run_flow_film_p1,val,0.3,6.0,23553,0.051670700123126564,0.22339688321174767,0.8825947713033319,0.04356834016255189,0.011388672031921307,0.21746282279491425,0.18744029104709625,0.2,0.1357696047862948,0.10937523899368842,0.8349254871990829,23553
run_flow_film_p1,val,0.5,6.0,23553,0.05532203965524562,0.22909104161553107,0.8776000068985479,0.04635899191777188,0.011852383037642389,0.21746282279491425,0.19989050924777985,0.2,0.14456845878345093,0.11567773955689184,0.8349254871990829,23553
run_flow_film_p1,val,0.7,6.0,23553,0.05952532586082453,0.23691258905242887,0.8712888538149168,0.04954410242160427,0.012872722384670635,0.21746282279491425,0.2129420042037964,0.2,0.15341665733216378,0.1224617449302436,0.8349254871990829,23553
run_flow_film_p1,val,1.0,6.0,23553,0.06572411157814291,0.24717057899229175,0.8651528281979624,0.05409905030880589,0.014353007862612175,0.21746282279491425,0.23396997153759003,0.2,0.16824586228322602,0.1329189090982369,0.8349254871990829,23553
