run,split,N,pos_rate,risk_pr_auc,risk_roc_auc,risk_brier,risk_ece,expert_nll,risk_mean,risk_p95,p_gate_mean,p_event_mean
/workspace/out/waymo_wod_parquet/runs/run_flow_concat_p1,val,23553,0.05532203965524562,0.25834437645548336,0.8831625893573173,0.045270944621764085,0.008690244285998855,0.9593508243560791,0.0518045499920845,0.25330742597579947,0.22196407616138458,0.19993430376052856
