run_name,split,tau,pos_rate,risk_pr_auc,risk_brier,risk_ece,p_gate_mean,p_event_mean,gate_thr_for_target_recall
run_flow_dropc,val,0.1,0.047297584171867704,0.2551136333701261,0.03908726182043323,0.007422879958010839,0.21646550297737122,0.17884384095668793,0.15
run_flow_dropc,val,0.2,0.04976011548422706,0.2553960622465735,0.041165502966859224,0.008213063568293405,0.21646550297737122,0.18404044210910797,0.15
run_flow_dropc,val,0.3,0.051670700123126564,0.2555149642512593,0.04277499849157269,0.009117040684762726,0.21646550297737122,0.18942409753799438,0.15
run_flow_dropc,val,0.5,0.05532203965524562,0.26259114226880426,0.04548758694574252,0.011212299701667518,0.21646550297737122,0.20083636045455933,0.15
run_flow_dropc,val,0.7,0.05952532586082453,0.2699890237784525,0.0486932592493089,0.013540417738094225,0.21646550297737122,0.21327298879623413,0.15
run_flow_dropc,val,1.0,0.06572411157814291,0.2773256945895696,0.05342017777882923,0.016057904617107727,0.21646550297737122,0.23402908444404602,0.15
