{
  "run": "/workspace/out/waymo_wod_parquet/runs/run_flow_concat_p1",
  "run_name": "run_flow_concat_p1",
  "split": "val",
  "N": 23553,
  "pos_rate": 0.05532203965524562,
  "gate_pr_auc": 0.44527455071865135,
  "gate_roc_auc": 0.831468110022092,
  "gate_brier": 0.12455972427205103,
  "gate_ece": 0.06916195200513013,
  "risk_label_mode": "ttc_sstar",
  "risk_pr_auc": 0.25834437645548336,
  "risk_roc_auc": 0.8831625893573173,
  "risk_brier": 0.045270944621764085,
  "risk_ece": 0.008690244285998855,
  "expert_type": "flow",
  "expert_nll": 0.9593508243560791,
  "pit_mean": 0.42536360025405884,
  "pit_std": 0.2841358184814453,
  "risk_mean": 0.0518045499920845,
  "risk_p95": 0.25330742597579947,
  "p_gate_mean": 0.22196407616138458,
  "p_event_mean": 0.19993430376052856,
  "subgroup": {},
  "ttc_bin_diag": [
    {
      "bin": 0,
      "N": 3926,
      "logttc_lo": -2.3025851829940396,
      "logttc_hi": 1.9393658292642955,
      "event_rate": 0.33188996434029544,
      "risk_mean": 0.0934341624379158,
      "p_gate_mean": 0.348712295293808,
      "p_event_mean": 0.2714633047580719
    },
    {
      "bin": 1,
      "N": 418,
      "logttc_lo": 1.9393658292642955,
      "logttc_hi": 2.3025850930940455,
      "event_rate": 0.0,
      "risk_mean": 0.029136473312973976,
      "p_gate_mean": 0.3251854181289673,
      "p_event_mean": 0.08175119012594223
    },
    {
      "bin": 5,
      "N": 19209,
      "logttc_lo": 2.3025850930940455,
      "logttc_hi": 2.3025850930940455,
      "event_rate": 0.0,
      "risk_mean": 0.04378942400217056,
      "p_gate_mean": 0.19381269812583923,
      "p_event_mean": 0.18788671493530273
    }
  ]
}