{
  "risk_mean": 0.05937609076499939,
  "risk_p95": 0.270172119140625,
  "p_gate_mean": 0.21568679809570312
}